{
  "generator-gulp-angular": {
    "props": {
      "angularVersion": "~1.3.4",
      "angularModules": [
        {
          "name": "angular-animate",
          "module": "ngAnimate"
        },
        {
          "name": "angular-cookies",
          "module": "ngCookies"
        },
        {
          "name": "angular-touch",
          "module": "ngTouch"
        },
        {
          "name": "angular-sanitize",
          "module": "ngSanitize"
        }
      ],
      "jQuery": {
        "name": null,
        "version": null
      },
      "resource": {
        "name": null,
        "version": null,
        "module": null
      },
      "router": {
        "name": "angular-ui-router",
        "version": "~0.2.13",
        "module": "ui.router"
      },
      "ui": {
        "key": "none",
        "name": null,
        "version": null,
        "module": null
      },
      "cssPreprocessor": {
        "key": "css",
        "extension": "css",
        "npm": {}
      },
      "bootstrapComponents": {
        "name": null,
        "version": null,
        "key": null,
        "module": null
      },
      "foundationComponents": {
        "name": null,
        "version": null,
        "key": null,
        "module": null
      }
    }
  }
}